datetime,signal,ticker,family,signals,threshold
2020-05-21 14:07:55,buy,INO,+MACD+ADOSC,1,8.0
2020-05-21 14:07:55,buy,INO,+BOP+CCI+ADOSC,1,21.0
2020-05-21 14:07:55,buy,PENN,+AROON+CCI+ADOSC,1,1.0
2020-05-21 14:07:55,buy,PENN,+AROON+CCI,2,1.0
2020-05-21 14:07:55,buy,PENN,+AROON+BOP+CCI+ADOSC,4,1.0
2020-05-21 14:07:55,buy,PENN,+AROON+BOP+CCI,2,2.0
2020-05-21 14:07:55,buy,JD,+AROON+CCI+ADOSC,4,1.0
2020-05-21 14:07:55,buy,JD,+MACD+ADOSC,1,8.0
2020-05-21 14:07:55,buy,JD,+BOP+CCI+ADOSC,2,21.0
2020-05-21 14:07:55,buy,JD,+AROON+BOP+CCI+ADOSC,7,1.0
2020-05-21 14:07:55,buy,HAL,+AROON+CCI+ADOSC,2,1.0
2020-05-21 14:07:55,buy,TWTR,+AROON+CCI+ADOSC,1,1.0
2020-05-21 14:07:55,buy,TWTR,+ADOSC,1,15.0
2020-05-21 14:07:55,buy,TWTR,+AROON+BOP+CCI+ADOSC,3,1.0
2020-05-21 14:07:55,buy,UBER,+AROON+BOP+CCI+RSI+ADOSC,3,1.0
2020-05-21 14:07:55,buy,UBER,+AROON+CCI+ADOSC,1,1.0
2020-05-21 14:07:55,buy,UBER,+MACD,1,7.0
2020-05-21 14:07:55,buy,UBER,+AROON+BOP+CCI+ADOSC,4,1.0
2020-05-21 14:07:55,buy,HPQ,+AROON+CCI+ADOSC,3,1.0
2020-05-21 14:07:55,buy,HPQ,+MACD,1,7.0
2020-05-21 14:07:55,buy,HPQ,+AROON+BOP+CCI+ADOSC,4,1.0
2020-05-21 14:07:55,buy,GM,+MACD+ADOSC,1,8.0
2020-05-21 14:07:55,buy,GM,+AROON+ADOSC,1,2.0
2020-05-21 14:07:55,buy,AMD,+AROON+CCI+ADOSC,1,1.0
2020-05-21 14:07:55,buy,AMD,+AROON+ADOSC,2,2.0
2020-05-21 14:07:55,buy,AMD,+AROON+BOP+CCI+ADOSC,4,1.0
2020-05-21 14:07:55,buy,AMD,+BOP+MACD+ADOSC,1,28.0
2020-05-21 14:07:55,buy,MS,+MACD+ADOSC,1,8.0
2020-05-21 14:07:55,buy,TQQQ,+AROON+CCI+ADOSC,3,1.0
2020-05-21 14:07:55,buy,TQQQ,+ADOSC,1,15.0
2020-05-21 14:07:55,buy,TQQQ,+AROON+BOP+CCI+ADOSC,4,1.0
2020-05-21 14:07:55,buy,ERI,+AROON+CCI,1,1.0
2020-05-21 14:07:55,buy,SE,+AROON+CCI+ADOSC,2,1.0
2020-05-21 14:07:55,buy,SE,+AROON+ADOSC,1,2.0
2020-05-21 14:07:55,buy,SQ,+AROON+CCI+ADOSC,1,1.0
2020-05-21 14:07:55,buy,SQ,+BOP+CCI+ADOSC,1,21.0
2020-05-21 14:07:55,buy,SQ,+AROON+BOP+CCI+ADOSC,5,1.0
2020-05-21 14:07:55,buy,TJX,+AROON+CCI+ADOSC,1,1.0
2020-05-21 14:07:55,buy,TJX,+AROON+CCI,2,1.0
2020-05-21 14:07:55,buy,TJX,+AROON+BOP+CCI+ADOSC,3,1.0
2020-05-21 14:07:55,buy,TJX,+AROON+BOP+CCI,2,2.0
2020-05-21 14:07:55,buy,TJX,+AROON+BOP+CCI+MACD+ADOSC,1,1.0
2020-05-21 14:07:55,buy,HBI,+AROON+CCI+ADOSC,1,1.0
2020-05-21 14:07:55,buy,HBI,+MACD+ADOSC,1,8.0
2020-05-21 14:07:55,buy,HBI,+AROON+ADOSC,1,2.0
2020-05-21 14:07:55,buy,HBI,+AROON+BOP+MACD+ADOSC,1,2.0
2020-05-21 14:07:55,buy,HBI,+AROON+BOP+CCI+ADOSC,1,1.0
2020-05-21 14:07:55,buy,NTNX,+MACD+ADOSC,1,8.0
2020-05-21 14:07:55,buy,NTNX,+BOP+MACD+ADOSC,1,28.0
2020-05-21 14:07:55,buy,ENPH,+ADOSC,2,15.0
2020-05-21 14:07:55,buy,CDE,+AROON+CCI+ADOSC,3,1.0
2020-05-21 14:07:55,buy,CDE,+CCI,1,1.0
2020-05-21 14:07:55,buy,CDE,+AROON+CCI,1,1.0
2020-05-21 14:07:55,buy,CDE,+MACD,1,7.0
2020-05-21 14:07:55,buy,CDE,+BOP+CCI+ADOSC,1,21.0
2020-05-21 14:07:55,buy,CDE,+AROON+BOP+CCI+ADOSC,2,1.0
2020-05-21 14:07:55,buy,HPE,+AROON+BOP+MACD+ADOSC,1,2.0
2020-05-21 14:07:55,buy,VALE,+BOP+MACD+ADOSC,1,28.0
2020-05-21 14:07:55,buy,CGC,+AROON+CCI,3,1.0
2020-05-21 14:07:55,buy,CGC,+AROON+BOP+CCI,2,2.0
2020-05-21 14:07:55,buy,VIAC,+MACD,1,7.0
2020-05-21 14:07:55,buy,VICI,+AROON+BOP+CCI+RSI+ADOSC,2,1.0
2020-05-21 14:07:55,buy,VICI,+AROON+RSI+ADOSC,1,1.0
2020-05-21 14:07:55,buy,VICI,+AROON+CCI+RSI+ADOSC,1,0
2020-05-21 14:07:55,buy,VICI,+AROON+BOP+CCI+RSI,1,0
2020-05-21 14:07:55,buy,VICI,+AROON+BOP+CCI+ADOSC,2,1.0
2020-05-21 14:07:55,buy,DOW,+CCI+ADOSC,1,2.0
2020-05-21 14:07:55,buy,DOW,+AROON+CCI+ADOSC,2,1.0
2020-05-21 14:07:55,buy,DOW,+MACD,1,7.0
2020-05-21 14:07:55,buy,VLO,+AROON+CCI,3,1.0
2020-05-21 14:07:55,buy,EQNR,+AROON+CCI+ADOSC,3,1.0
2020-05-21 14:07:55,buy,EQNR,+AROON+CCI,3,1.0
2020-05-21 14:07:55,buy,EQNR,+BOP+MACD+ADOSC,1,28.0
2020-05-21 14:07:55,buy,OTIS,+AROON+ADOSC,1,2.0
2020-05-21 14:07:55,buy,AUY,+AROON+CCI,2,1.0
2020-05-21 14:07:55,buy,AUY,+AROON+BOP+CCI,1,2.0
2020-05-21 14:07:55,buy,EXPE,+AROON+CCI+ADOSC,1,1.0
2020-05-21 14:07:55,buy,EXPE,+AROON+BOP+CCI+ADOSC,2,1.0
2020-05-21 14:07:55,buy,INTC,+AROON+CCI+ADOSC,3,1.0
2020-05-21 14:07:55,buy,INTC,+BOP+CCI+ADOSC,1,21.0
2020-05-21 14:07:55,buy,INTC,+AROON+BOP+CCI+ADOSC,1,1.0
2020-05-21 14:07:55,buy,INTC,+BOP+MACD+ADOSC,1,28.0
2020-05-21 14:07:55,buy,KGC,+AROON+CCI+ADOSC,1,1.0
2020-05-21 14:07:55,buy,KGC,+AROON+CCI,2,1.0
2020-05-21 14:07:55,buy,KGC,+AROON+BOP+CCI+ADOSC,3,1.0
2020-05-21 14:07:55,buy,KGC,+AROON+BOP+CCI,4,2.0
2020-05-21 14:07:55,buy,KGC,+BOP+CCI,1,16.0
2020-05-21 14:07:55,buy,PAAS,+AROON+BOP+CCI+RSI+ADOSC,1,1.0
2020-05-21 14:07:55,buy,PAAS,+AROON+CCI+ADOSC,6,1.0
2020-05-21 14:07:55,buy,PAAS,+AROON+CCI+RSI+ADOSC,1,0
2020-05-21 14:07:55,buy,MCHI,+AROON+CCI+ADOSC,4,1.0
2020-05-21 14:07:55,buy,MCHI,+AROON+BOP+CCI+ADOSC,1,1.0
2020-05-21 14:07:55,buy,MCHI,nan,1,0
2020-05-21 14:07:55,buy,BBY,+AROON+CCI+ADOSC,2,1.0
2020-05-21 14:07:55,buy,BBY,+BOP+CCI+ADOSC,1,21.0
2020-05-21 14:07:55,buy,BBY,+AROON+BOP+CCI+ADOSC,1,1.0
2020-05-21 14:07:55,buy,ACGL,+AROON+CCI+ADOSC,1,1.0
2020-05-21 14:07:55,buy,ACGL,+AROON+ADOSC,3,2.0
2020-05-21 14:07:55,buy,IPG,+BOP+CCI,2,16.0
2020-05-21 14:07:55,buy,FCX,+AROON+CCI+ADOSC,1,1.0
2020-05-21 14:07:55,buy,FCX,+AROON+BOP+CCI+ADOSC,1,1.0
2020-05-21 14:07:55,buy,FCX,+BOP+MACD+ADOSC,2,28.0
2020-05-21 14:07:55,buy,FIXD,+AROON+CCI,8,1.0
2020-05-21 14:07:55,buy,FIXD,+BOP+CCI,1,16.0
2020-05-21 14:07:55,buy,ALT,+MACD,4,7.0
2020-05-21 14:07:55,buy,QCOM,+AROON+CCI,2,1.0
2020-05-21 14:07:55,buy,GOLD,+AROON+CCI+ADOSC,2,1.0
2020-05-21 14:07:55,buy,GOLD,+AROON+BOP+CCI+ADOSC,6,1.0
2020-05-21 14:07:55,buy,GOLD,+AROON+BOP+CCI,1,2.0
2020-05-21 14:07:55,buy,TEVA,+AROON+BOP+CCI+RSI+ADOSC,1,1.0
2020-05-21 14:07:55,buy,TEVA,+AROON+CCI+ADOSC,2,1.0
2020-05-21 14:07:55,buy,TEVA,+AROON+BOP+CCI+ADOSC,2,1.0
2020-05-21 14:07:55,buy,EOG,+AROON+CCI+ADOSC,3,1.0
2020-05-21 14:07:55,buy,EOG,+BOP+CCI+ADOSC,1,21.0
2020-05-21 14:07:55,buy,EOG,+BOP+MACD+ADOSC,1,28.0
2020-05-21 14:07:55,buy,UPS,+CCI+ADOSC,1,2.0
2020-05-21 14:07:55,buy,UPS,+AROON+BOP+CCI+RSI+ADOSC,1,1.0
2020-05-21 14:07:55,buy,UPS,+AROON+CCI+ADOSC,1,1.0
2020-05-21 14:07:55,buy,UPS,+AROON+BOP+CCI+ADOSC,2,1.0
2020-05-21 14:07:55,buy,UPS,+BOP+MACD+ADOSC,2,28.0
2020-05-21 14:07:55,buy,ZTO,+CCI+ADOSC,1,2.0
2020-05-21 14:07:55,buy,ZTO,+AROON+CCI+ADOSC,2,1.0
2020-05-21 14:07:55,buy,ZTO,+MACD+ADOSC,1,8.0
2020-05-21 14:07:55,buy,ZTO,+AROON+BOP+CCI+ADOSC,4,1.0
2020-05-21 14:07:55,buy,VTR,+AROON+CCI+ADOSC,4,1.0
2020-05-21 14:07:55,buy,VTR,+AROON+BOP+CCI+ADOSC,2,1.0
2020-05-21 14:07:55,buy,VTR,+AROON+BOP+CCI,1,2.0
2020-05-21 14:07:55,buy,BLUE,+AROON+CCI+ADOSC,7,1.0
2020-05-21 14:07:55,buy,BLUE,+AROON+ADOSC,1,2.0
2020-05-21 14:07:55,buy,BLUE,+AROON+BOP+CCI+ADOSC,2,1.0
2020-05-21 14:07:55,buy,MRVL,+AROON+CCI+ADOSC,1,1.0
2020-05-21 14:07:55,buy,MRVL,+AROON+BOP+CCI+ADOSC,1,1.0
2020-05-21 14:07:55,buy,MRVL,+BOP+MACD+ADOSC,1,28.0
2020-05-21 14:07:55,buy,DDOG,+MACD+ADOSC,2,8.0
2020-05-21 14:07:55,buy,DDOG,+AROON+CCI,2,1.0
2020-05-21 14:07:55,buy,VCSH,+AROON+BOP+MACD+ADOSC,5,2.0
2020-05-21 14:07:55,buy,MPC,+MACD+ADOSC,1,8.0
2020-05-21 14:07:55,buy,MPC,+ADOSC,1,15.0
2020-05-21 14:07:55,buy,MPC,nan,2,0
2020-05-21 14:07:55,buy,TLRY,+AROON+CCI,4,1.0
2020-05-21 14:07:55,buy,OMI,+CCI+ADOSC,3,2.0
2020-05-21 14:07:55,buy,OMI,+AROON+CCI+ADOSC,2,1.0
2020-05-21 14:07:55,buy,OMI,+AROON+ADOSC,2,2.0
2020-05-21 14:07:55,buy,CMCSA,+AROON+BOP+CCI+RSI+ADOSC,8,1.0
2020-05-21 14:07:55,buy,CMCSA,+AROON+CCI+ADOSC,1,1.0
2020-05-21 14:07:55,buy,CMCSA,+AROON+CCI+RSI+ADOSC,2,0
2020-05-21 14:07:55,buy,CMCSA,+AROON+BOP+CCI+ADOSC,2,1.0
2020-05-21 14:07:55,buy,CMCSA,+AROON+BOP+CCI+MACD+ADOSC,1,1.0
2020-05-21 14:07:55,buy,AMAT,+AROON+CCI+ADOSC,1,1.0
2020-05-21 14:07:55,buy,AMAT,+MACD,1,7.0
2020-05-21 14:07:55,buy,AMAT,+AROON+BOP+CCI+ADOSC,1,1.0
2020-05-21 14:07:55,buy,DVAX,+MACD+ADOSC,5,8.0
2020-05-21 14:07:55,buy,OVV,+CCI+ADOSC,1,2.0
2020-05-21 14:07:55,buy,OVV,+AROON+CCI,4,1.0
2020-05-21 14:07:55,buy,OVV,+AROON,1,2.0
2020-05-21 14:07:55,buy,OVV,+AROON+BOP+CCI+ADOSC,1,1.0
2020-05-21 14:07:55,buy,OVV,+AROON+BOP+CCI,2,2.0
2020-05-21 14:07:55,buy,STX,+AROON,1,2.0
2020-05-21 14:07:55,buy,ANGI,+CCI+ADOSC,1,2.0
2020-05-21 14:07:55,buy,ANGI,+AROON+CCI+ADOSC,3,1.0
2020-05-21 14:07:55,buy,ANGI,+AROON+BOP+CCI+ADOSC,2,1.0
2020-05-21 14:07:55,buy,IIVI,+CCI+ADOSC,2,2.0
2020-05-21 14:07:55,buy,IIVI,+AROON+CCI+ADOSC,1,1.0
2020-05-21 14:07:55,buy,IIVI,+AROON+ADOSC,1,2.0
2020-05-21 14:07:55,buy,IIVI,+ADOSC,1,15.0
2020-05-21 14:07:55,buy,IIVI,+BOP+CCI+ADOSC,1,21.0
2020-05-21 14:07:55,buy,CDNS,+MACD+ADOSC,1,8.0
2020-05-21 14:07:55,buy,CDNS,nan,1,0
2020-05-21 14:07:55,buy,HRB,+MACD+ADOSC,1,8.0
2020-05-21 14:07:55,buy,HRB,+ADOSC,3,15.0
2020-05-21 14:07:55,buy,ABC,+AROON+CCI+ADOSC,1,1.0
2020-05-21 14:07:55,buy,ABC,+AROON+BOP+CCI+ADOSC,1,1.0
2020-05-21 14:07:55,buy,PK,+CCI+ADOSC,1,2.0
2020-05-21 14:07:55,buy,PK,+AROON+BOP+CCI+RSI+ADOSC,1,1.0
2020-05-21 14:07:55,buy,PK,+AROON+RSI+ADOSC,1,1.0
2020-05-21 14:07:55,buy,PK,+AROON+CCI+ADOSC,1,1.0
2020-05-21 14:07:55,buy,PK,+AROON+CCI+RSI,1,0
2020-05-21 14:07:55,buy,PK,+BOP+CCI+ADOSC,1,21.0
2020-05-21 14:07:55,buy,PK,+AROON+BOP+RSI+ADOSC,1,1.0
2020-05-21 14:07:55,buy,PK,+AROON+BOP+CCI+ADOSC,2,1.0
2020-05-21 14:07:55,buy,PK,+AROON+BOP+RSI,2,1.0
2020-05-21 14:07:55,buy,VRT,+AROON+RSI+ADOSC,2,1.0
2020-05-21 14:07:55,buy,VRT,+AROON+BOP+RSI+ADOSC,1,1.0
2020-05-21 14:07:55,buy,PCG,+AROON+CCI,7,1.0
2020-05-21 14:07:55,buy,PCG,+AROON+BOP+CCI,1,2.0
2020-05-21 14:07:55,buy,VSLR,+AROON,3,2.0
2020-05-21 14:07:55,buy,DELL,+AROON+CCI,5,1.0
2020-05-21 14:07:55,buy,DELL,+MACD,1,7.0
2020-05-21 14:07:55,buy,DELL,+AROON+BOP+CCI,2,2.0
2020-05-21 14:07:55,buy,BILI,+AROON+BOP+CCI+RSI,1,0
2020-05-21 14:07:55,buy,BILI,+AROON+CCI,4,1.0
2020-05-21 14:07:55,buy,BILI,+AROON+MACD,2,1.0
2020-05-21 14:07:55,buy,BILI,+AROON+BOP+CCI,3,2.0
2020-05-21 14:07:55,buy,VNOM,+AROON+CCI,1,1.0
2020-05-21 14:07:55,buy,CARR,nan,1,0
2020-05-21 14:07:55,buy,RIO,+AROON+CCI+ADOSC,2,1.0
2020-05-21 14:07:55,buy,RIO,+AROON+CCI+MACD+ADOSC,1,0
2020-05-21 14:07:55,buy,NOMD,+AROON+CCI,1,1.0
2020-05-21 14:07:55,buy,BNTX,+MACD,1,7.0
2020-05-21 14:07:55,buy,EPD,+MACD+ADOSC,1,8.0
2020-05-21 14:07:55,buy,EPD,+AROON+CCI,1,1.0
2020-05-21 14:07:55,buy,RUN,+AROON+CCI,8,1.0
2020-05-21 14:07:55,buy,RUN,+MACD,1,7.0
2020-05-21 14:07:55,buy,RUN,+AROON+BOP+CCI,1,2.0
2020-05-21 14:07:55,buy,HTA,+MACD+ADOSC,1,8.0
2020-05-21 14:07:55,buy,CZR,+AROON+CCI+ADOSC,1,1.0
2020-05-21 14:07:55,buy,CZR,+AROON+CCI,2,1.0
2020-05-21 14:07:55,buy,ALC,+AROON+CCI,4,1.0
2020-05-21 14:07:55,buy,ALC,+BOP+CCI,1,16.0
2020-05-21 14:07:55,buy,AGNC,+MACD+ADOSC,1,8.0
2020-05-21 14:07:55,buy,AGNC,+AROON+BOP+CCI+ADOSC,1,1.0
2020-05-21 14:07:55,buy,ING,+CCI+ADOSC,2,2.0
2020-05-21 14:07:55,buy,ING,+AROON+CCI+ADOSC,1,1.0
2020-05-21 14:07:55,buy,ING,+AROON+BOP+CCI+ADOSC,1,1.0
2020-05-21 14:07:55,buy,ING,+AROON+BOP+ADOSC,1,2.0
2020-05-21 14:07:55,buy,AROC,+AROON+CCI+ADOSC,3,1.0
2020-05-21 14:07:55,buy,AROC,+AROON+ADOSC,5,2.0
2020-05-21 14:07:55,buy,AROC,+BOP+CCI+ADOSC,1,21.0
2020-05-21 14:07:55,buy,AROC,+BOP+MACD,1,38.0
2020-05-21 14:07:55,buy,AROC,+AROON+BOP+CCI+ADOSC,1,1.0
2020-05-21 14:07:55,buy,AROC,+AROON+BOP+ADOSC,1,2.0
2020-05-21 14:07:55,buy,AL,+AROON+CCI+ADOSC,4,1.0
2020-05-21 14:07:55,buy,AL,+MACD+ADOSC,2,8.0
2020-05-21 14:07:55,buy,AL,+AROON+BOP+CCI+ADOSC,2,1.0
2020-05-21 14:07:55,buy,NKE,+CCI+ADOSC,1,2.0
2020-05-21 14:07:55,buy,NKE,+AROON+CCI+ADOSC,2,1.0
2020-05-21 14:07:55,buy,NKE,+MACD+ADOSC,1,8.0
2020-05-21 14:07:55,buy,NKE,+AROON+BOP+CCI+ADOSC,3,1.0
2020-05-21 14:07:55,buy,WMB,+CCI+ADOSC,1,2.0
2020-05-21 14:07:55,buy,WMB,+AROON+BOP+MACD,1,2.0
2020-05-21 14:07:55,buy,WMB,+MACD,1,7.0
2020-05-21 14:07:55,buy,SGMS,+CCI,1,1.0
2020-05-21 14:07:55,buy,SGMS,+MACD,1,7.0
2020-05-21 14:07:55,buy,NWSA,+CCI,2,1.0
2020-05-21 14:07:55,buy,NWSA,+MACD,1,7.0
2020-05-21 14:07:55,buy,NWSA,+AROON+BOP+CCI+ADOSC,1,1.0
2020-05-21 14:07:55,buy,BHC,+CCI,1,1.0
2020-05-21 14:07:55,buy,BHC,+AROON+CCI,1,1.0
2020-05-21 14:07:55,buy,BHC,+AROON+BOP+CCI+ADOSC,2,1.0
2020-05-21 14:07:55,buy,BHC,+AROON+BOP+CCI,3,2.0
2020-05-21 14:07:55,buy,LVS,+MACD+ADOSC,1,8.0
2020-05-21 14:07:55,buy,LVS,+BOP+CCI+ADOSC,1,21.0
2020-05-21 14:07:55,buy,HUYA,+AROON+CCI+ADOSC,3,1.0
2020-05-21 14:07:55,buy,HUYA,+AROON+ADOSC,1,2.0
2020-05-21 14:07:55,buy,HUYA,+AROON,1,2.0
2020-05-21 14:07:55,buy,HUYA,+AROON+BOP+CCI+ADOSC,3,1.0
2020-05-21 14:07:55,buy,HUYA,+AROON+BOP+ADOSC,1,2.0
2020-05-21 14:07:55,buy,RDFN,+AROON+CCI,1,1.0
2020-05-21 14:07:55,buy,DOC,+AROON+CCI+ADOSC,1,1.0
2020-05-21 14:07:55,buy,DOC,+AROON+BOP+MACD,1,2.0
2020-05-21 14:07:55,buy,DOC,+AROON+BOP+CCI+ADOSC,1,1.0
2020-05-21 14:07:55,buy,EBAY,+CCI+ADOSC,1,2.0
2020-05-21 14:07:55,buy,EBAY,+AROON+CCI+ADOSC,3,1.0
2020-05-21 14:07:55,buy,EBAY,+BOP+CCI+ADOSC,2,21.0
2020-05-21 14:07:55,buy,EBAY,+AROON+BOP+CCI+ADOSC,3,1.0
2020-05-21 14:07:55,buy,CELH,+CCI,5,1.0
2020-05-21 14:07:55,buy,CELH,+AROON+CCI,2,1.0
2020-05-21 14:07:55,buy,PAA,+AROON+CCI,3,1.0
2020-05-21 14:07:55,buy,PAA,+AROON+BOP+CCI,1,2.0
2020-05-21 14:07:55,buy,PAA,+AROON+BOP+CCI+MACD+ADOSC,1,1.0
2020-05-21 14:07:55,buy,PAA,+BOP+CCI,1,16.0
2020-05-21 14:07:55,buy,PVG,+AROON+BOP+CCI+RSI+ADOSC,1,1.0
2020-05-21 14:07:55,buy,PVG,+AROON+CCI+ADOSC,9,1.0
2020-05-21 14:07:55,buy,PVG,+AROON+CCI+RSI+ADOSC,3,0
2020-05-21 14:07:55,buy,FEYE,+AROON+CCI+ADOSC,1,1.0
2020-05-21 14:07:55,buy,FEYE,+ADOSC,1,15.0
2020-05-21 14:07:55,buy,FEYE,+AROON+BOP+CCI+ADOSC,1,1.0
2020-05-21 14:07:55,buy,FEYE,+BOP+MACD+ADOSC,1,28.0
2020-05-21 14:07:55,buy,KHC,+AROON+CCI+ADOSC,1,1.0
2020-05-21 14:07:55,buy,KHC,+AROON+CCI,2,1.0
2020-05-21 14:07:55,buy,KHC,+MACD,1,7.0
2020-05-21 14:07:55,buy,KHC,+AROON+BOP+ADOSC,1,2.0
2020-05-21 14:07:55,buy,KHC,+AROON+BOP+CCI,1,2.0
2020-05-21 14:07:55,buy,BYD,+AROON+CCI+ADOSC,1,1.0
2020-05-21 14:07:55,buy,BYD,+AROON+ADOSC,1,2.0
2020-05-21 14:07:55,buy,KMX,+AROON+CCI+ADOSC,2,1.0
2020-05-21 14:07:55,buy,MTG,+CCI+ADOSC,1,2.0
2020-05-21 14:07:55,buy,MTG,+AROON+CCI+ADOSC,2,1.0
2020-05-21 14:07:55,buy,MTG,+MACD+ADOSC,2,8.0
2020-05-21 14:07:55,buy,MTG,+AROON+ADOSC,1,2.0
2020-05-21 14:07:55,buy,GFI,+AROON+CCI+ADOSC,2,1.0
2020-05-21 14:07:55,buy,GFI,+AROON+BOP+CCI+ADOSC,1,1.0
2020-05-21 14:07:55,buy,GFI,+AROON+BOP+CCI+MACD+ADOSC,1,1.0
2020-05-21 14:07:55,buy,MAC,+AROON+CCI+ADOSC,1,1.0
2020-05-21 14:07:55,buy,MAC,+AROON+ADOSC,1,2.0
2020-05-21 14:07:55,buy,MAC,+AROON+BOP+MACD+ADOSC,2,2.0
2020-05-21 14:07:55,buy,EQM,+AROON+BOP+CCI+RSI+ADOSC,3,1.0
2020-05-21 14:07:55,buy,EQM,+AROON+RSI+ADOSC,3,1.0
2020-05-21 14:07:55,buy,EQM,+AROON+CCI+RSI+ADOSC,1,0
2020-05-21 14:07:55,buy,Z,+AROON+CCI,2,1.0
2020-05-21 14:07:55,buy,Z,+MACD,1,7.0
2020-05-21 14:07:55,buy,SFIX,+AROON+CCI,2,1.0
2020-05-21 14:07:55,buy,SFIX,+MACD,1,7.0
2020-05-21 14:07:55,buy,OKE,+CCI+ADOSC,2,2.0
2020-05-21 14:07:55,buy,OKE,+CCI,1,1.0
2020-05-21 14:07:55,buy,OKE,+BOP+CCI+ADOSC,2,21.0
2020-05-21 14:07:55,buy,AIG,+CCI,1,1.0
2020-05-21 14:07:55,buy,AIG,+MACD,1,7.0
2020-05-21 14:07:55,buy,SIX,+CCI,2,1.0
2020-05-21 14:07:55,buy,SIX,+BOP+CCI+MACD,3,38.0
2020-05-21 14:07:55,buy,SIX,+BOP+CCI,1,16.0
2020-05-21 14:07:55,buy,CVET,+AROON+ADOSC,1,2.0
2020-05-21 14:07:55,buy,CVET,+BOP+MACD+ADOSC,3,28.0
2020-05-21 14:07:55,buy,CVET,+AROON+BOP+ADOSC,1,2.0
2020-05-21 14:07:55,buy,PHM,+AROON+BOP+CCI+ADOSC,1,1.0
2020-05-21 14:07:55,buy,CRWD,+AROON+CCI+ADOSC,1,1.0
2020-05-21 14:07:55,buy,CRWD,+BOP+MACD+ADOSC,3,28.0
2020-05-21 14:07:55,buy,FG,+CCI,1,1.0
2020-05-21 14:07:55,buy,FG,+MACD,3,7.0
2020-05-21 14:07:55,buy,ALLY,+MACD+ADOSC,2,8.0
2020-05-21 14:07:55,buy,MTDR,+AROON+CCI+ADOSC,6,1.0
2020-05-21 14:07:55,buy,MTDR,+AROON+ADOSC,2,2.0
2020-05-21 14:07:55,buy,MTDR,+AROON+BOP+CCI+ADOSC,3,1.0
2020-05-21 14:07:55,buy,MTDR,+AROON+BOP+CCI+MACD+ADOSC,1,1.0
2020-05-21 14:07:55,buy,RL,+ADOSC,1,15.0
2020-05-21 14:07:55,buy,BCS,+CCI,1,1.0
2020-05-21 14:07:55,buy,BCS,+MACD,6,7.0
2020-05-21 14:07:55,buy,MBT,+MACD+ADOSC,2,8.0
2020-05-21 14:07:55,buy,MBT,+AROON+BOP+CCI+ADOSC,1,1.0
2020-05-21 14:07:55,buy,APPS,+AROON+CCI+ADOSC,8,1.0
2020-05-21 14:07:55,buy,NTLA,+AROON+BOP+CCI+RSI+ADOSC,3,1.0
2020-05-21 14:07:55,buy,NTLA,+AROON+RSI+ADOSC,2,1.0
2020-05-21 14:07:55,buy,NTLA,+AROON+CCI+RSI+ADOSC,5,0
2020-05-21 14:07:55,buy,AMCR,+CCI+ADOSC,1,2.0
2020-05-21 14:07:55,buy,AMCR,+BOP+CCI+ADOSC,1,21.0
2020-05-21 14:07:55,buy,TV,+AROON+CCI+ADOSC,1,1.0
2020-05-21 14:07:55,buy,TV,+AROON+CCI,1,1.0
2020-05-21 14:07:55,buy,ETRN,+CCI+ADOSC,1,2.0
2020-05-21 14:07:55,buy,ETRN,+AROON+BOP+CCI+RSI+ADOSC,1,1.0
2020-05-21 14:07:55,buy,ETRN,+AROON+CCI+ADOSC,4,1.0
2020-05-21 14:07:55,buy,ETRN,+AROON+BOP+CCI+ADOSC,2,1.0
2020-05-21 14:07:55,buy,ETRN,+AROON+BOP+CCI+MACD+ADOSC,1,1.0
2020-05-21 14:07:55,buy,AJG,+AROON+CCI+ADOSC,5,1.0
2020-05-21 14:07:55,buy,GRMN,+AROON+CCI+ADOSC,1,1.0
2020-05-21 14:07:55,buy,GRMN,+AROON+CCI,1,1.0
2020-05-21 14:07:55,buy,CLDR,+MACD,1,7.0
2020-05-21 14:07:55,buy,CLDR,+AROON+BOP+CCI+ADOSC,2,1.0
2020-05-21 14:07:55,buy,HP,+BOP+CCI+ADOSC,4,21.0
2020-05-21 14:07:55,buy,HP,+BOP+CCI+MACD+ADOSC,1,27.0
2020-05-21 14:07:55,buy,MGNX,nan,4,0
2020-05-21 14:07:55,buy,LYV,+AROON+CCI+ADOSC,4,1.0
2020-05-21 14:07:55,buy,LYV,+AROON+ADOSC,1,2.0
2020-05-21 14:07:55,buy,LYV,+AROON+BOP+CCI+ADOSC,3,1.0
2020-05-21 14:07:55,buy,TRGP,+AROON+CCI+ADOSC,3,1.0
2020-05-21 14:07:55,buy,AMCX,+AROON+CCI,1,1.0
2020-05-21 14:07:55,buy,AMCX,+AROON+BOP+CCI,3,2.0
2020-05-21 14:07:55,buy,CWH,+AROON+BOP+CCI+RSI+ADOSC,4,1.0
2020-05-21 14:07:55,buy,CWH,+AROON+RSI+ADOSC,1,1.0
2020-05-21 14:07:55,buy,CWH,+AROON+CCI+ADOSC,2,1.0
2020-05-21 14:07:55,buy,CWH,+AROON+CCI+RSI+ADOSC,2,0
2020-05-21 14:07:55,buy,CWH,+AROON+CCI+MACD+RSI+ADOSC,1,0
2020-05-21 14:07:55,buy,EDIT,+AROON+CCI+ADOSC,5,1.0
2020-05-21 14:07:55,buy,EDIT,+AROON+CCI+RSI,2,0
2020-05-21 14:07:55,buy,EDIT,+AROON+CCI,6,1.0
2020-05-21 14:07:55,buy,DD,+AROON,1,2.0
2020-05-21 14:07:55,buy,DD,+AROON+BOP+CCI+ADOSC,1,1.0
2020-05-21 14:07:55,buy,DD,+AROON+BOP+CCI,2,2.0
2020-05-21 14:07:55,buy,SSRM,+AROON+CCI+ADOSC,3,1.0
2020-05-21 14:07:55,buy,SSRM,+AROON+ADOSC,7,2.0
2020-05-21 14:07:55,buy,SSRM,+AROON+BOP+ADOSC,1,2.0
2020-05-21 14:07:55,buy,SSRM,+AROON+BOP,1,2.0
2020-05-21 14:07:55,buy,NIU,+AROON+CCI+ADOSC,15,1.0
2020-05-21 14:07:55,buy,WES,+AROON+CCI+ADOSC,2,1.0
2020-05-21 14:07:55,buy,WES,+AROON+CCI,4,1.0
2020-05-21 14:07:55,buy,WES,+AROON+BOP+ADOSC,1,2.0
2020-05-21 14:07:55,buy,MAR,+MACD,1,7.0
2020-05-21 14:07:55,buy,JELD,+ADOSC,1,15.0
2020-05-21 14:07:55,buy,CVS,+AROON+CCI+ADOSC,3,1.0
2020-05-21 14:07:55,buy,CVS,+AROON+CCI,1,1.0
2020-05-21 14:07:55,buy,CVS,+AROON+BOP+CCI+ADOSC,1,1.0
2020-05-21 14:07:55,buy,CHEF,+AROON+BOP+CCI+ADOSC,2,1.0
2020-05-21 14:07:55,buy,PEB,+MACD,3,7.0
2020-05-21 14:07:55,buy,FTCS,+MACD+ADOSC,5,8.0
2020-05-21 14:07:55,buy,RPAY,+AROON+CCI,4,1.0
2020-05-21 14:07:55,buy,RPAY,+AROON,1,2.0
2020-05-21 14:07:55,buy,FSLY,+AROON+CCI+ADOSC,1,1.0
2020-05-21 14:07:55,buy,FSLY,+AROON+BOP+MACD+ADOSC,1,2.0
2020-05-21 14:07:55,buy,FSLY,+BOP+CCI+ADOSC,2,21.0
2020-05-21 14:07:55,buy,FSLY,+AROON+BOP+CCI+ADOSC,3,1.0
2020-05-21 14:07:55,buy,GLW,+MACD,2,7.0
2020-05-21 14:07:55,buy,ARNC,+AROON+CCI+ADOSC,2,1.0
2020-05-21 14:07:55,buy,ARNC,+AROON+CCI+MACD+ADOSC,1,0
2020-05-21 14:07:55,buy,EHC,+AROON,4,2.0
2020-05-21 14:07:55,buy,MAS,+AROON+CCI+ADOSC,2,1.0
2020-05-21 14:07:55,buy,SPWH,+AROON+BOP+CCI+RSI+ADOSC,1,1.0
2020-05-21 14:07:55,buy,SPWH,+AROON+CCI+ADOSC,1,1.0
2020-05-21 14:07:55,buy,SPWH,+AROON+CCI+RSI+ADOSC,1,0
2020-05-21 14:07:55,buy,SPWH,+AROON+CCI+RSI,1,0
2020-05-21 14:07:55,buy,SPWH,+AROON+CCI,1,1.0
2020-05-21 14:07:55,buy,SPWH,+AROON+BOP+CCI+ADOSC,1,1.0
2020-05-21 14:07:55,buy,EAT,+AROON+BOP+CCI+ADOSC,1,1.0
2020-05-21 14:07:55,buy,EAT,+AROON+BOP+CCI,1,2.0
2020-05-21 14:07:55,buy,WWE,+BOP+CCI+MACD+ADOSC,2,27.0
2020-05-21 14:07:55,buy,KRNT,+AROON+BOP+CCI+RSI+ADOSC,1,1.0
2020-05-21 14:07:55,buy,KRNT,+AROON+CCI+RSI,2,0
2020-05-21 14:07:55,buy,KRNT,+AROON+CCI,10,1.0
2020-05-21 14:07:55,buy,KRNT,+AROON,2,2.0
2020-05-21 14:07:55,buy,KRNT,+AROON+BOP+CCI,2,2.0
2020-05-21 14:07:55,buy,MPW,+BOP+MACD+ADOSC,1,28.0
2020-05-21 14:07:55,buy,TEX,+MACD,1,7.0
2020-05-21 14:07:55,buy,LEN,+AROON+CCI+ADOSC,6,1.0
2020-05-21 14:07:55,buy,LEN,+AROON+CCI,6,1.0
2020-05-21 14:07:55,buy,LEN,+AROON+BOP+CCI+ADOSC,3,1.0
2020-05-21 14:07:55,buy,CNQ,+CCI+ADOSC,2,2.0
2020-05-21 14:07:55,buy,CNQ,+MACD+ADOSC,1,8.0
2020-05-21 14:07:55,buy,CNQ,+BOP+CCI+ADOSC,2,21.0
2020-05-21 14:07:55,buy,CNQ,+AROON+BOP+CCI+ADOSC,1,1.0
2020-05-21 14:07:55,buy,TRIL,+CCI+ADOSC,1,2.0
2020-05-21 14:07:55,buy,TRIL,+AROON+CCI+ADOSC,10,1.0
2020-05-21 14:07:55,buy,TRIL,+AROON+BOP+CCI+ADOSC,6,1.0
2020-05-21 14:07:55,buy,YUM,+AROON+CCI,2,1.0
2020-05-21 14:07:55,buy,YUM,+AROON+BOP+CCI,3,2.0
2020-05-21 14:07:55,buy,VET,+AROON+CCI+ADOSC,3,1.0
2020-05-21 14:07:55,buy,VET,+BOP+CCI+MACD+ADOSC,2,27.0
2020-05-21 14:07:55,buy,MEOH,+CCI+ADOSC,7,2.0
2020-05-21 14:07:55,buy,PLAN,+CCI+ADOSC,2,2.0
2020-05-21 14:07:55,buy,PLAN,+MACD+ADOSC,2,8.0
2020-05-21 14:07:55,buy,GLPI,+AROON+CCI,5,1.0
2020-05-21 14:07:55,buy,GLPI,+AROON+BOP+CCI,2,2.0
2020-05-21 14:07:55,buy,ALLO,+AROON+ADOSC,2,2.0
2020-05-21 14:07:55,buy,VIR,+AROON+CCI+ADOSC,8,1.0
2020-05-21 14:07:55,buy,VIR,+AROON+CCI,5,1.0
2020-05-21 14:07:55,buy,VERI,+CCI+ADOSC,2,2.0
2020-05-21 14:07:55,buy,VERI,+AROON+CCI+ADOSC,1,1.0
2020-05-21 14:07:55,buy,SEAS,+AROON+CCI+ADOSC,1,1.0
2020-05-21 14:07:55,buy,SEAS,+BOP+MACD+ADOSC,1,28.0
2020-05-21 14:07:55,buy,TRIP,+AROON+BOP+CCI+ADOSC,1,1.0
2020-05-21 14:07:55,buy,TRIP,+BOP+MACD+ADOSC,1,28.0
2020-05-21 14:07:55,buy,ARCC,+AROON+CCI,1,1.0
2020-05-21 14:07:55,buy,ARCC,+MACD,1,7.0
2020-05-21 14:07:55,buy,ARCC,+AROON+BOP+CCI,1,2.0
2020-05-21 14:07:55,buy,TECK,+AROON+CCI+ADOSC,4,1.0
2020-05-21 14:07:55,buy,TECK,+AROON+BOP+MACD+ADOSC,1,2.0
2020-05-21 14:07:55,buy,TECK,+AROON+BOP+CCI+ADOSC,4,1.0
2020-05-21 14:07:55,buy,WMS,+CCI+ADOSC,3,2.0
2020-05-21 14:07:55,buy,WMS,+AROON+CCI,5,1.0
2020-05-21 14:07:55,buy,WMS,+AROON+BOP+CCI,5,2.0
2020-05-21 14:07:55,buy,ACAD,+AROON+CCI,1,1.0
2020-05-21 14:07:55,buy,SAND,+AROON+CCI+ADOSC,11,1.0
2020-05-21 14:07:55,buy,SAND,+BOP+CCI+ADOSC,5,21.0
2020-05-21 14:07:55,buy,SAND,+AROON+BOP+CCI+ADOSC,2,1.0
2020-05-21 14:07:55,buy,WPM,+AROON+CCI+ADOSC,7,1.0
2020-05-21 14:07:55,buy,WPM,+AROON+CCI+RSI,2,0
2020-05-21 14:07:55,buy,WPM,+AROON+CCI+MACD+ADOSC,1,0
2020-05-21 14:07:55,buy,IGSB,+CCI+ADOSC,1,2.0
2020-05-21 14:07:55,buy,IGSB,+AROON+ADOSC,1,2.0
2020-05-21 14:07:55,buy,IGSB,+BOP+CCI+MACD,2,38.0
2020-05-21 14:07:55,buy,IGSB,+MACD,1,7.0
2020-05-21 14:07:55,buy,IMMU,+AROON+CCI+ADOSC,4,1.0
2020-05-21 14:07:55,buy,IMMU,+AROON+CCI,1,1.0
2020-05-21 14:07:55,buy,IMMU,+AROON+BOP+CCI+MACD+ADOSC,3,1.0
2020-05-21 14:07:55,buy,TOL,+MACD+ADOSC,3,8.0
2020-05-21 14:07:55,buy,APTV,+MACD+ADOSC,1,8.0
2020-05-21 14:07:55,buy,MOMO,+CCI,1,1.0
2020-05-21 14:07:55,buy,MOMO,+MACD,1,7.0
2020-05-21 14:07:55,buy,NUAN,+AROON+CCI+ADOSC,1,1.0
2020-05-21 14:07:55,buy,NUAN,+AROON+BOP+CCI+ADOSC,1,1.0
2020-05-21 14:07:55,buy,USLV,+CCI+ADOSC,6,2.0
2020-05-21 14:07:55,buy,ACWI,+MACD+ADOSC,1,8.0
2020-05-21 14:07:55,buy,ACWI,+ADOSC,1,15.0
2020-05-21 14:07:55,buy,ACWI,+AROON+BOP+CCI+ADOSC,1,1.0
2020-05-21 14:07:55,buy,PRSP,+AROON+CCI+ADOSC,2,1.0
2020-05-21 14:07:55,buy,PRSP,+MACD+ADOSC,1,8.0
2020-05-21 14:07:55,buy,PRSP,+AROON+CCI,4,1.0
2020-05-21 14:07:55,buy,ZEN,+ADOSC,1,15.0
2020-05-21 14:07:55,buy,CHMA,+CCI+ADOSC,12,2.0
2020-05-21 14:07:55,buy,CCJ,+AROON+CCI+ADOSC,6,1.0
2020-05-21 14:07:55,buy,BX,+AROON+CCI+ADOSC,1,1.0
2020-05-21 14:07:55,buy,BX,+AROON+ADOSC,1,2.0
2020-05-21 14:07:55,buy,BX,+AROON+BOP+MACD+ADOSC,1,2.0
2020-05-21 14:07:55,buy,BX,+AROON+CCI,3,1.0
2020-05-21 14:07:55,buy,BX,+AROON+BOP+CCI+ADOSC,1,1.0
2020-05-21 14:07:55,buy,BX,+AROON+BOP+CCI,2,2.0
2020-05-21 14:07:55,buy,DHI,+CCI+ADOSC,2,2.0
2020-05-21 14:07:55,buy,DHI,+BOP+MACD+ADOSC,1,28.0
2020-05-21 14:07:55,buy,CSQ,+CCI+ADOSC,22,2.0
2020-05-21 14:07:55,buy,NLS,+AROON+BOP+CCI+RSI+ADOSC,2,1.0
2020-05-21 14:07:55,buy,NLS,+AROON+CCI+RSI+ADOSC,2,0
2020-05-21 14:07:55,buy,NLS,+AROON+CCI+RSI,2,0
2020-05-21 14:07:55,buy,NLS,+AROON+CCI,12,1.0
2020-05-21 14:07:55,buy,APPN,+AROON+CCI+RSI,2,0
2020-05-21 14:07:55,buy,APPN,+AROON+CCI,2,1.0
2020-05-21 14:07:55,buy,APPN,+AROON,1,2.0
2020-05-21 14:07:55,buy,TMHC,+AROON+CCI,1,1.0
2020-05-21 14:07:55,buy,TMHC,+AROON,1,2.0
2020-05-21 14:07:55,buy,HOLX,+AROON+BOP+CCI+ADOSC,2,1.0
2020-05-21 14:07:55,buy,HOLX,+BOP+MACD+ADOSC,4,28.0
2020-05-21 14:07:55,buy,FNF,+CCI+ADOSC,1,2.0
2020-05-21 14:07:55,buy,NVO,+AROON+CCI+ADOSC,4,1.0
2020-05-21 14:07:55,buy,NVO,+AROON+BOP+CCI+ADOSC,1,1.0
2020-05-21 14:07:55,buy,AVYA,+AROON+BOP+CCI+RSI+ADOSC,1,1.0
2020-05-21 14:07:55,buy,AVYA,+AROON+CCI+ADOSC,1,1.0
2020-05-21 14:07:55,buy,AVYA,+AROON+BOP+CCI+RSI,3,0
2020-05-21 14:07:55,buy,AVYA,+AROON+CCI+RSI,2,0
2020-05-21 14:07:55,buy,AVYA,+AROON+BOP+CCI+ADOSC,2,1.0
2020-05-21 14:07:55,buy,AVYA,+AROON+MACD+ADOSC,1,1.0
2020-05-21 14:07:55,buy,FOXA,+AROON+CCI+ADOSC,4,1.0
2020-05-21 14:07:55,buy,FOXA,nan,1,0
2020-05-21 14:07:55,buy,WOW,+AROON+CCI+RSI+ADOSC,4,0
2020-05-21 14:07:55,buy,PXD,+AROON+CCI+ADOSC,1,1.0
2020-05-21 14:07:55,buy,PXD,+AROON+ADOSC,1,2.0
2020-05-21 14:07:55,buy,PXD,+AROON+BOP+ADOSC,2,2.0
2020-05-21 14:07:55,buy,OHI,+MACD+ADOSC,2,8.0
2020-05-21 14:07:55,buy,OHI,+AROON+BOP+CCI+ADOSC,2,1.0
2020-05-21 14:07:55,buy,SGMO,+AROON+RSI,1,1.0
2020-05-21 14:07:55,buy,SGMO,+AROON+CCI+ADOSC,2,1.0
2020-05-21 14:07:55,buy,SGMO,+AROON+CCI+RSI,3,0
2020-05-21 14:07:55,buy,SGMO,+AROON+CCI,3,1.0
2020-05-21 14:07:55,buy,AXL,+MACD,2,7.0
2020-05-21 14:07:55,buy,AXL,+BOP+MACD,1,38.0
2020-05-21 14:07:55,buy,IFRX,+AROON+CCI+ADOSC,3,1.0
2020-05-21 14:07:55,buy,IFRX,+AROON+CCI,14,1.0
2020-05-21 14:07:55,buy,DISCA,+AROON+BOP+MACD+ADOSC,1,2.0
2020-05-21 14:07:55,buy,DISCA,+MACD,1,7.0
2020-05-21 14:07:55,buy,FLWS,+AROON+BOP+CCI+RSI+ADOSC,1,1.0
2020-05-21 14:07:55,buy,FLWS,+AROON+CCI+RSI+ADOSC,3,0
2020-05-21 14:07:55,buy,RLJ,+MACD+ADOSC,1,8.0
2020-05-21 14:07:55,buy,RLJ,+AROON+BOP+MACD,1,2.0
2020-05-21 14:07:55,buy,RLJ,+AROON+CCI,1,1.0
2020-05-21 14:07:55,buy,SY,+STOCH,1,24.0
2020-05-21 14:07:55,buy,OR,+AROON+CCI,1,1.0
2020-05-21 14:07:55,buy,OR,+AROON+BOP+CCI,1,2.0
2020-05-21 14:07:55,buy,FL,+BOP+CCI+MACD,1,38.0
2020-05-21 14:07:55,buy,FL,+AROON+CCI,4,1.0
2020-05-21 14:07:55,buy,FL,+AROON+BOP+CCI,1,2.0
2020-05-21 14:07:55,buy,FL,+AROON+STOCH+ADOSC,1,3.0
2020-05-21 14:07:55,buy,BEAM,+AROON+CCI,2,1.0
2020-05-21 14:07:55,buy,CROX,+AROON+CCI+ADOSC,3,1.0
2020-05-21 14:07:55,buy,CROX,+AROON+BOP+MACD+ADOSC,1,2.0
2020-05-21 14:07:55,buy,CROX,+AROON+BOP+CCI+ADOSC,2,1.0
2020-05-21 14:07:55,buy,SITE,+MACD+ADOSC,1,8.0
2020-05-21 14:07:55,buy,MGP,+AROON+BOP+CCI+RSI+ADOSC,6,1.0
2020-05-21 14:07:55,buy,MGP,+AROON+CCI+ADOSC,8,1.0
2020-05-21 14:07:55,buy,MGP,+AROON+CCI+RSI+ADOSC,1,0
2020-05-21 14:07:55,buy,RMBL,+MACD,22,7.0
2020-05-21 14:07:55,buy,IOVA,+AROON+BOP+CCI+RSI+ADOSC,3,1.0
2020-05-21 14:07:55,buy,IOVA,+AROON+RSI+ADOSC,2,1.0
2020-05-21 14:07:55,buy,IOVA,+AROON+CCI+ADOSC,6,1.0
2020-05-21 14:07:55,buy,IOVA,+AROON+CCI+RSI+ADOSC,6,0
2020-05-21 14:07:55,buy,IOVA,+AROON+CCI,2,1.0
2020-05-21 14:07:55,buy,PAGP,+AROON+CCI+ADOSC,2,1.0
2020-05-21 14:07:55,buy,PAGP,+AROON+BOP+CCI+ADOSC,2,1.0
2020-05-21 14:07:55,buy,PAGP,+AROON+BOP+CCI+MACD+ADOSC,3,1.0
2020-05-21 14:07:55,buy,CDLX,+CCI+ADOSC,6,2.0
2020-05-21 14:07:55,buy,CDLX,+AROON+ADOSC,2,2.0
2020-05-21 14:07:55,buy,CDLX,+AROON+MACD+ADOSC,1,1.0
2020-05-21 14:07:55,buy,TXRH,+AROON+CCI+ADOSC,5,1.0
2020-05-21 14:07:55,buy,TXRH,+MACD+ADOSC,1,8.0
2020-05-21 14:07:55,buy,TXRH,+AROON+ADOSC,2,2.0
2020-05-21 14:07:55,buy,TXRH,+AROON+BOP+CCI+ADOSC,2,1.0
2020-05-21 14:07:55,buy,ALEC,+AROON+CCI+ADOSC,3,1.0
2020-05-21 14:07:55,buy,DLTR,+AROON+CCI+ADOSC,4,1.0
2020-05-21 14:07:55,buy,DLTR,+AROON+CCI,1,1.0
2020-05-21 14:07:55,buy,SDGR,+AROON+CCI+ADOSC,5,1.0
2020-05-21 14:07:55,buy,ANF,+CCI,1,1.0
2020-05-21 14:07:55,buy,YUMC,+AROON+CCI+ADOSC,1,1.0
2020-05-21 14:07:55,buy,YUMC,+AROON+BOP+CCI+ADOSC,1,1.0
2020-05-21 14:07:55,buy,YUMC,+CCI+MACD+ADOSC,2,1.0
2020-05-21 14:07:55,buy,KOP,+AROON+CCI,1,1.0
2020-05-21 14:07:55,buy,MNST,+BOP+MACD+ADOSC,1,28.0
2020-05-21 14:07:55,buy,GPK,+MACD+ADOSC,1,8.0
2020-05-21 14:07:55,buy,GPK,+ADOSC,1,15.0
2020-05-21 14:07:55,buy,SWCH,+CCI,2,1.0
2020-05-21 14:07:55,buy,SWCH,+AROON+CCI+RSI,2,0
2020-05-21 14:07:55,buy,SWCH,+AROON+CCI,1,1.0
2020-05-21 14:07:55,buy,ALV,+AROON+CCI+ADOSC,6,1.0
2020-05-21 14:07:55,buy,ALV,+CCI,2,1.0
2020-05-21 14:07:55,buy,ALV,+AROON+BOP+CCI+ADOSC,1,1.0
2020-05-21 14:07:55,buy,DOYU,+MACD,1,7.0
2020-05-21 14:07:55,buy,AXTA,+AROON+CCI+ADOSC,4,1.0
2020-05-21 14:07:55,buy,AXTA,+MACD+ADOSC,2,8.0
2020-05-21 14:07:55,buy,AXTA,+BOP+CCI+ADOSC,1,21.0
2020-05-21 14:07:55,buy,ALLK,+MACD,1,7.0
2020-05-21 14:07:55,buy,ONEM,+AROON+CCI+ADOSC,5,1.0
2020-05-21 14:07:55,buy,ONEM,+AROON+ADOSC,2,2.0
2020-05-21 14:07:55,buy,ONEM,+AROON+BOP+CCI+ADOSC,2,1.0
2020-05-21 14:07:55,buy,ONEM,+AROON+BOP+CCI+MACD+ADOSC,1,1.0
2020-05-21 14:07:55,buy,TPH,+AROON+BOP+CCI+ADOSC,1,1.0
2020-05-21 14:07:55,buy,SQM,+AROON+RSI,2,1.0
2020-05-21 14:07:55,buy,SQM,+AROON+BOP+CCI+RSI+ADOSC,1,1.0
2020-05-21 14:07:55,buy,SQM,+AROON+CCI+ADOSC,3,1.0
2020-05-21 14:07:55,buy,SQM,+AROON+CCI+RSI+ADOSC,3,0
2020-05-21 14:07:55,buy,SQM,+AROON+CCI+RSI,3,0
2020-05-21 14:07:55,buy,BHP,+AROON+BOP+ADOSC,1,2.0
2020-05-21 14:07:55,buy,IXUS,+AROON+BOP+CCI+ADOSC,2,1.0
2020-05-21 14:07:55,buy,CC,+MACD,3,7.0
2020-05-21 14:07:55,buy,DISH,+AROON+CCI+ADOSC,4,1.0
2020-05-21 14:07:55,buy,DISH,+AROON+BOP+CCI+ADOSC,3,1.0
2020-05-21 14:07:55,buy,WW,+AROON+ADOSC,3,2.0
2020-05-21 14:07:55,buy,WW,+BOP+CCI+ADOSC,1,21.0
2020-05-21 14:07:55,buy,PII,+ADOSC,2,15.0
2020-05-21 14:07:55,buy,MTCH,+AROON+CCI+ADOSC,1,1.0
2020-05-21 14:07:55,buy,MTCH,+MACD+ADOSC,3,8.0
2020-05-21 14:07:55,buy,MTCH,+AROON+BOP+CCI+MACD+ADOSC,1,1.0
2020-05-21 14:07:55,buy,BWA,+CCI,1,1.0
2020-05-21 14:07:55,buy,BWA,+AROON+CCI+RSI,1,0
2020-05-21 14:07:55,buy,BWA,+AROON+CCI,2,1.0
2020-05-21 14:07:55,buy,BWA,+AROON+BOP+CCI,1,2.0
2020-05-21 14:07:55,buy,LLNW,+CCI+ADOSC,3,2.0
2020-05-21 14:07:55,buy,JHG,+AROON+BOP+CCI+ADOSC,2,1.0
2020-05-21 14:07:55,buy,ADT,+AROON+CCI+ADOSC,8,1.0
2020-05-21 14:07:55,buy,FMCI,+AROON+CCI+ADOSC,3,1.0
2020-05-21 14:07:55,buy,FMCI,+AROON+BOP+CCI+ADOSC,2,1.0
2020-05-21 14:07:55,buy,RXN,+ADOSC,1,15.0
2020-05-21 14:07:55,buy,RXN,+MACD,2,7.0
2020-05-21 14:07:55,buy,GRWG,+AROON+CCI,7,1.0
2020-05-21 14:07:55,buy,DAO,+CCI+ADOSC,3,2.0
2020-05-21 14:07:55,buy,DAO,+MACD+ADOSC,1,8.0
2020-05-21 14:07:55,buy,WEC,+AROON+BOP+CCI+RSI+ADOSC,1,1.0
2020-05-21 14:07:55,buy,WEC,+AROON+CCI+RSI+ADOSC,4,0
2020-05-21 14:07:55,buy,XEC,+CCI+ADOSC,2,2.0
2020-05-21 14:07:55,buy,MDLA,+CCI+ADOSC,6,2.0
2020-05-21 14:07:55,buy,MDLA,+AROON+BOP+CCI+RSI+ADOSC,1,1.0
2020-05-21 14:07:55,buy,BSJM,+AROON+BOP+CCI+RSI+ADOSC,22,1.0
2020-05-21 14:07:55,buy,THO,+CCI+ADOSC,6,2.0
2020-05-21 14:07:55,buy,THO,+AROON+CCI+ADOSC,4,1.0
2020-05-21 14:07:55,buy,TBIO,+AROON+CCI,16,1.0
2020-05-21 14:07:55,buy,RELX,+MACD,2,7.0
2020-05-21 14:07:55,buy,CIEN,+CCI,1,1.0
2020-05-21 14:07:55,buy,CIEN,+AROON+CCI,4,1.0
2020-05-21 14:07:55,buy,CIEN,+MACD,1,7.0
2020-05-21 14:07:55,buy,CIEN,+AROON+BOP+CCI,1,2.0
2020-05-21 14:07:55,buy,NBLX,+AROON+CCI+ADOSC,9,1.0
2020-05-21 14:07:55,buy,FOLD,+AROON+CCI+ADOSC,2,1.0
2020-05-21 14:07:55,buy,FOLD,+CCI,2,1.0
2020-05-21 14:07:55,buy,FOLD,+AROON+CCI,1,1.0
2020-05-21 14:07:55,buy,FOLD,+AROON+BOP+CCI+ADOSC,4,1.0
2020-05-21 14:07:55,buy,PDBC,+CCI,1,1.0
2020-05-21 14:07:55,buy,WH,+CCI+ADOSC,1,2.0
2020-05-21 14:07:55,buy,NBR,nan,1,0
2020-05-21 14:07:55,buy,NBR,+AROON+BOP+CCI,1,2.0
2020-05-21 14:07:55,buy,TTGT,+AROON+CCI+ADOSC,7,1.0
2020-05-21 14:07:55,buy,OPRX,+AROON+CCI+ADOSC,22,1.0
2020-05-21 14:07:55,buy,OLLI,+CCI+ADOSC,1,2.0
2020-05-21 14:07:55,buy,OLLI,+AROON+CCI+ADOSC,1,1.0
2020-05-21 14:07:55,buy,OLLI,+CCI,1,1.0
2020-05-21 14:07:55,buy,OLLI,+AROON+ADOSC,3,2.0
2020-05-21 14:07:55,buy,OLLI,+AROON+CCI,2,1.0
2020-05-21 14:07:55,buy,HZNP,+AROON+CCI+ADOSC,3,1.0
2020-05-21 14:07:55,buy,HZNP,+ADOSC,1,15.0
2020-05-21 14:07:55,buy,HZNP,+AROON+BOP+CCI+ADOSC,3,1.0
2020-05-21 14:07:55,buy,HZNP,+BOP+MACD+ADOSC,1,28.0
2020-05-21 14:07:55,buy,DRD,+AROON+RSI+ADOSC,10,1.0
2020-05-21 14:07:55,buy,DRD,+AROON+CCI+RSI+ADOSC,7,0
2020-05-21 14:07:55,buy,LOGI,+CCI+ADOSC,5,2.0
2020-05-21 14:07:55,buy,LOGI,+MACD+ADOSC,14,8.0
2020-05-21 14:07:55,buy,AEM,+AROON+CCI+ADOSC,22,1.0
2020-05-21 14:07:55,buy,PFG,+AROON+CCI,1,1.0
2020-05-21 14:07:55,buy,PFG,+AROON,1,2.0
2020-05-21 14:07:55,buy,PFG,+AROON+BOP,2,2.0
2020-05-21 14:07:55,buy,NTAP,+AROON+CCI+ADOSC,4,1.0
2020-05-21 14:07:55,buy,NTAP,+AROON+BOP+CCI+MACD+ADOSC,1,1.0
2020-05-21 14:07:55,buy,ATRA,+MACD,2,7.0
2020-05-21 14:07:55,buy,FTSM,+AROON+CCI+ADOSC,3,1.0
2020-05-21 14:07:55,buy,AIN,+AROON+CCI+ADOSC,9,1.0
2020-05-21 14:07:55,buy,HLF,+MACD+ADOSC,6,8.0
2020-05-21 14:07:55,buy,DOMO,+CCI+ADOSC,1,2.0
2020-05-21 14:07:55,buy,DOMO,+AROON+CCI+ADOSC,1,1.0
2020-05-21 14:07:55,buy,DOMO,+AROON,3,2.0
2020-05-21 14:07:55,buy,WCC,+MACD+ADOSC,1,8.0
2020-05-21 14:07:55,buy,TWOU,+CCI+ADOSC,2,2.0
2020-05-21 14:07:55,buy,TWOU,+AROON+BOP+CCI+RSI+ADOSC,3,1.0
2020-05-21 14:07:55,buy,TWOU,+AROON+RSI+ADOSC,1,1.0
2020-05-21 14:07:55,buy,TWOU,+AROON+CCI+ADOSC,3,1.0
2020-05-21 14:07:55,buy,TWOU,+AROON+CCI+RSI+ADOSC,3,0
2020-05-21 14:07:55,buy,ICLK,+AROON+RSI,2,1.0
2020-05-21 14:07:55,buy,ICLK,+AROON+CCI+RSI,2,0
2020-05-21 14:07:55,buy,ESTC,+AROON+CCI+ADOSC,1,1.0
2020-05-21 14:07:55,buy,ESTC,+ADOSC,1,15.0
2020-05-21 14:07:55,buy,ESTC,+AROON+CCI,2,1.0
2020-05-21 14:07:55,buy,ESTC,+BOP+CCI+ADOSC,1,21.0
2020-05-21 14:07:55,buy,VAC,+AROON+BOP+CCI+ADOSC,8,1.0
2020-05-21 14:07:55,buy,VAC,+AROON+BOP+CCI,1,2.0
2020-05-21 14:07:55,buy,BC,+AROON+CCI+ADOSC,1,1.0
2020-05-21 14:07:55,buy,BC,+MACD,1,7.0
2020-05-21 14:07:55,buy,BC,+AROON+BOP+CCI+MACD+ADOSC,1,1.0
2020-05-21 14:07:55,buy,ESNT,+AROON+CCI+ADOSC,2,1.0
2020-05-21 14:07:55,buy,ESNT,+BOP+CCI+ADOSC,3,21.0
2020-05-21 14:07:55,buy,PLMR,+AROON+CCI+ADOSC,5,1.0
2020-05-21 14:07:55,buy,WBK,+AROON+CCI+ADOSC,9,1.0
2020-05-21 14:07:55,buy,CVA,+MACD+ADOSC,4,8.0
2020-05-21 14:07:55,buy,BRO,+AROON+CCI+RSI,2,0
2020-05-21 14:07:55,buy,BRO,+AROON+CCI,5,1.0
2020-05-21 14:07:55,buy,HRTX,+AROON+CCI+ADOSC,1,1.0
2020-05-21 14:07:55,buy,FWONK,+AROON,2,2.0
2020-05-21 14:07:55,buy,FWONK,+MACD,2,7.0
2020-05-21 14:07:55,buy,CTLT,+AROON+CCI+RSI,1,0
2020-05-21 14:07:55,buy,CTLT,+AROON+CCI,3,1.0
2020-05-21 14:07:55,buy,CTLT,+AROON,2,2.0
2020-05-21 14:07:55,buy,ZLAB,+ADOSC,4,15.0
2020-05-21 14:07:55,buy,SUM,+AROON+CCI,2,1.0
2020-05-21 14:07:55,buy,SUM,+AROON+BOP+CCI,2,2.0
2020-05-21 14:07:55,buy,CRSP,+AROON+CCI+ADOSC,5,1.0
2020-05-21 14:07:55,buy,CRSP,+AROON+BOP+CCI+ADOSC,3,1.0
2020-05-21 14:07:55,buy,RADA,+MACD+ADOSC,19,8.0
2020-05-21 14:07:55,buy,ADPT,+AROON+CCI+ADOSC,2,1.0
2020-05-21 14:07:55,buy,ADPT,+AROON+CCI,2,1.0
2020-05-21 14:07:55,buy,ADPT,+MACD,1,7.0
2020-05-21 14:07:55,buy,ASUR,+AROON+CCI+ADOSC,1,1.0
2020-05-21 14:07:55,buy,PLXS,+AROON+ADOSC,3,2.0
2020-05-21 14:07:55,buy,PLXS,+AROON+BOP+ADOSC,1,2.0
2020-05-21 14:07:55,buy,INSM,+MACD,3,7.0
2020-05-21 14:07:55,buy,INSM,+AROON+BOP+CCI,1,2.0
2020-05-21 14:07:55,buy,LBRT,+MACD,5,7.0
2020-05-21 14:07:55,buy,LAMR,+AROON+BOP+CCI+RSI+ADOSC,4,1.0
2020-05-21 14:07:55,buy,LAMR,+AROON+CCI+RSI,9,0
2020-05-21 14:07:55,buy,LAMR,+AROON+CCI,1,1.0
2020-05-21 14:07:55,buy,KYN,+MACD+ADOSC,1,8.0
2020-05-21 14:07:55,buy,KYN,+CCI,5,1.0
2020-05-21 14:07:55,buy,IRWD,+AROON+CCI+ADOSC,1,1.0
2020-05-21 14:07:55,buy,LIND,+MACD,1,7.0
2020-05-21 14:07:55,buy,YMAB,+AROON+CCI+ADOSC,16,1.0
2020-05-21 14:07:55,buy,YMAB,+AROON+CCI+RSI+ADOSC,6,0
2020-05-21 14:07:55,buy,DNOW,+CCI+ADOSC,1,2.0
2020-05-21 14:07:55,buy,DNOW,+AROON+BOP+CCI+ADOSC,2,1.0
2020-05-21 14:07:55,buy,GOLF,+CCI,1,1.0
2020-05-21 14:07:55,buy,EMN,+MACD+ADOSC,1,8.0
2020-05-21 14:07:55,buy,EMN,+AROON+BOP+CCI,2,2.0
2020-05-21 14:07:55,buy,TACO,+CCI+ADOSC,1,2.0
2020-05-21 14:07:55,buy,TACO,+MACD,3,7.0
2020-05-21 14:07:55,buy,CORT,+CCI+ADOSC,2,2.0
2020-05-21 14:07:55,buy,CORT,+AROON+CCI+ADOSC,6,1.0
2020-05-21 14:07:55,buy,CORT,+AROON+BOP+CCI+ADOSC,2,1.0
2020-05-21 14:07:55,buy,CORT,+AROON+CCI+MACD+ADOSC,2,0
2020-05-21 14:07:55,buy,ARWR,+CCI,1,1.0
2020-05-21 14:07:55,buy,ARWR,+AROON+CCI,5,1.0
2020-05-21 14:07:55,buy,ARWR,+AROON+BOP+CCI,1,2.0
2020-05-21 14:07:55,buy,BOOT,+AROON+CCI+RSI+ADOSC,1,0
2020-05-21 14:07:55,buy,WCLD,+AROON+CCI,13,1.0
2020-05-21 14:07:55,buy,NEA,+AROON+CCI+RSI,22,0
2020-05-21 14:07:55,buy,OCFT,+AROON+CCI,22,1.0
2020-05-21 14:07:55,buy,MGY,+AROON+CCI+ADOSC,5,1.0
2020-05-21 14:07:55,buy,MGY,+MACD+ADOSC,1,8.0
2020-05-21 14:07:55,buy,MGY,+AROON+BOP+CCI+ADOSC,3,1.0
2020-05-21 14:07:55,buy,KALA,+AROON+CCI+ADOSC,7,1.0
2020-05-21 14:07:55,buy,KALA,+AROON+ADOSC,5,2.0
2020-05-21 14:07:55,buy,STOK,+AROON+CCI,22,1.0
2020-05-21 14:07:55,buy,BSCP,+AROON+RSI+ADOSC,17,1.0
2020-05-21 14:07:55,buy,BSCP,+AROON+CCI+RSI+ADOSC,1,0
2020-05-21 14:07:55,buy,GMED,+AROON+ADOSC,1,2.0
2020-05-21 14:07:55,buy,GMED,+AROON+BOP+CCI+ADOSC,3,1.0
2020-05-21 14:07:55,buy,PHK,+AROON,5,2.0
2020-05-21 14:07:55,buy,PRDO,+BOP+CCI+ADOSC,1,21.0
2020-05-21 14:07:55,buy,SJR,+BOP+CCI+ADOSC,2,21.0
2020-05-21 14:07:55,buy,TCPC,+AROON+RSI,14,1.0
2020-05-21 14:07:55,buy,TCPC,+AROON+CCI+RSI,8,0
2020-05-21 14:07:55,buy,EVH,+AROON+CCI+ADOSC,6,1.0
2020-05-21 14:07:55,buy,EVH,+AROON+CCI+RSI+ADOSC,12,0
2020-05-21 14:07:55,buy,EXG,+MACD,10,7.0
2020-05-21 14:07:55,buy,NTRA,+AROON+CCI,3,1.0
2020-05-21 14:07:55,buy,NTRA,+MACD,10,7.0
2020-05-21 14:07:55,buy,NMFC,+AROON+CCI,6,1.0
2020-05-21 14:07:55,buy,KURA,+AROON+CCI,5,1.0
2020-05-21 14:07:55,buy,REGI,+CCI+ADOSC,1,2.0
2020-05-21 14:07:55,buy,REGI,+AROON+CCI+RSI,2,0
2020-05-21 14:07:55,buy,REGI,+AROON+CCI,2,1.0
2020-05-21 14:07:55,buy,REGI,+AROON+CCI+MACD,2,0
2020-05-21 14:07:55,buy,MSGN,+AROON+CCI+RSI+ADOSC,1,0
2020-05-21 14:07:55,buy,MSGN,+AROON+CCI,14,1.0
2020-05-21 14:07:55,buy,MSGN,+AROON+BOP+CCI+ADOSC,7,1.0
2020-05-21 14:07:55,buy,FOXF,+AROON+RSI+ADOSC,1,1.0
2020-05-21 14:07:55,buy,FOXF,+AROON+BOP+RSI+ADOSC,2,1.0
2020-05-21 14:07:55,buy,CUE,+AROON+RSI,4,1.0
2020-05-21 14:07:55,buy,ALKS,+AROON+CCI+ADOSC,1,1.0
2020-05-21 14:07:55,buy,ALKS,+MACD+ADOSC,2,8.0
2020-05-21 14:07:55,buy,ALKS,+AROON+BOP+CCI+ADOSC,1,1.0
2020-05-21 14:07:55,buy,MTLS,+AROON+CCI+RSI+ADOSC,10,0
2020-05-21 14:07:55,buy,XHR,+MACD+ADOSC,1,8.0
2020-05-21 14:07:55,buy,ICLN,+AROON+CCI+ADOSC,5,1.0
2020-05-21 14:07:55,buy,BTT,+AROON+CCI+RSI+ADOSC,22,0
2020-05-21 14:07:55,buy,CE,+AROON+ADOSC,1,2.0
2020-05-21 14:07:55,buy,CE,+AROON+BOP+CCI+ADOSC,2,1.0
2020-05-21 14:07:55,buy,CHI,+AROON+CCI+RSI,22,0
2020-05-21 14:07:55,buy,KTF,+CCI+ADOSC,22,2.0
2020-05-21 14:07:55,buy,FSD,+AROON+RSI+ADOSC,20,1.0
2020-05-21 14:07:55,buy,FSD,+AROON+CCI+MACD+RSI+ADOSC,2,0
2020-05-21 14:07:55,buy,FLO,+AROON+CCI,1,1.0
2020-05-21 14:07:55,buy,FLO,+AROON+BOP+CCI+ADOSC,1,1.0
2020-05-21 14:07:55,buy,FLO,+AROON+BOP+ADOSC,1,2.0
2020-05-21 14:07:55,buy,WRB,+AROON+CCI+ADOSC,5,1.0
2020-05-21 14:07:55,buy,WRB,+AROON+ADOSC,4,2.0
2020-05-21 14:07:55,buy,WRB,+BOP+CCI+ADOSC,1,21.0
2020-05-21 14:07:55,buy,WRB,+AROON+BOP+CCI+ADOSC,2,1.0
2020-05-21 14:07:55,buy,WRB,+BOP+MACD+ADOSC,2,28.0
2020-05-21 14:07:55,buy,AXNX,+CCI+ADOSC,2,2.0
2020-05-21 14:07:55,buy,AME,+CCI+ADOSC,2,2.0
2020-05-21 14:07:55,buy,AME,+MACD+ADOSC,2,8.0
2020-05-21 14:07:55,buy,AME,+BOP+CCI+ADOSC,2,21.0
2020-05-21 14:07:55,buy,AME,+BOP+CCI+MACD+ADOSC,3,27.0
2020-05-21 14:07:55,buy,AGIO,+CCI+ADOSC,2,2.0
2020-05-21 14:07:55,buy,WERN,+AROON+CCI,1,1.0
2020-05-21 14:07:55,buy,WERN,+MACD,4,7.0
2020-05-21 14:07:55,buy,AAWW,+CCI,3,1.0
2020-05-21 14:07:55,buy,ELP,+AROON+RSI,13,1.0
2020-05-21 14:07:55,buy,ELP,+AROON+BOP+CCI+RSI,1,0
2020-05-21 14:07:55,buy,ELP,+AROON+CCI+RSI,5,0
2020-05-21 14:07:55,buy,ETR,+AROON+CCI+ADOSC,1,1.0
2020-05-21 14:07:55,buy,CARA,+AROON+CCI+RSI,22,0
2020-05-21 14:07:55,buy,MCRB,+AROON+CCI+ADOSC,20,1.0
2020-05-21 14:07:55,buy,AY,+AROON+CCI,5,1.0
2020-05-21 14:07:55,buy,AY,+AROON+BOP+CCI+MACD,1,0
2020-05-21 14:07:55,buy,UFCS,+AROON+CCI+RSI+ADOSC,22,0
2020-05-21 14:07:55,buy,AMK,+AROON+CCI+ADOSC,4,1.0
2020-05-21 14:07:55,buy,BHVN,+AROON+CCI,3,1.0
2020-05-21 14:07:55,buy,BHVN,+AROON+BOP+CCI+ADOSC,5,1.0
2020-05-21 14:07:55,buy,BHVN,+AROON+MACD+ADOSC,3,1.0
2020-05-21 14:07:55,buy,HDS,+AROON+CCI,1,1.0
2020-05-21 14:07:55,buy,HDS,+BOP+MACD+ADOSC,1,28.0
2020-05-21 14:07:55,buy,FLXN,+CCI+ADOSC,4,2.0
2020-05-21 14:07:55,buy,FLXN,+AROON+BOP+MACD+ADOSC,1,2.0
2020-05-21 14:07:55,buy,FLXN,+AROON+BOP+CCI+ADOSC,1,1.0
2020-05-21 14:07:55,buy,QQQX,+AROON+BOP+CCI,7,2.0
2020-05-21 14:07:55,buy,CNNE,+AROON+CCI,1,1.0
2020-05-21 14:07:55,buy,IHRT,+CCI,5,1.0
2020-05-21 14:07:55,buy,FTAC,+AROON+CCI+RSI+ADOSC,22,0
2020-05-21 14:07:55,buy,HIBB,+MACD+ADOSC,1,8.0
2020-05-21 14:07:55,buy,ACHC,+CCI,1,1.0
2020-05-21 14:07:55,buy,ACHC,+AROON+CCI,1,1.0
2020-05-21 14:07:55,buy,ACHC,+MACD,4,7.0
2020-05-21 14:07:55,buy,PLAB,+AROON+CCI,6,1.0
2020-05-21 14:07:55,buy,OC,+MACD,4,7.0
2020-05-21 14:07:55,buy,BHF,+CCI,6,1.0
2020-05-21 14:07:55,buy,BHF,+AROON+CCI,1,1.0
2020-05-21 14:07:55,buy,BHF,+AROON,2,2.0
2020-05-21 14:07:55,buy,BHF,+BOP+MACD+ADOSC,1,28.0
2020-05-21 14:07:55,buy,MSM,+CCI+ADOSC,1,2.0
2020-05-21 14:07:55,buy,TUR,+AROON+CCI+ADOSC,9,1.0
2020-05-21 14:07:55,buy,TUR,+AROON+CCI+MACD+ADOSC,5,0
2020-05-21 14:07:55,buy,PFD,+AROON+CCI+ADOSC,22,1.0
2020-05-21 14:07:55,buy,QCLN,+AROON+ADOSC,19,2.0
2020-05-21 14:07:55,buy,EBS,+MACD,1,7.0
2020-05-21 14:07:55,buy,GPP,+AROON+RSI,22,1.0
2020-05-21 14:07:55,buy,NHTC,+AROON+CCI,22,1.0
2020-05-21 14:07:55,buy,HEP,+CCI+ADOSC,10,2.0
2020-05-21 14:07:55,buy,BL,+AROON+RSI+ADOSC,22,1.0
2020-05-21 14:07:55,buy,TSLX,+AROON+CCI,6,1.0
2020-05-21 14:07:55,buy,COWN,+CCI+ADOSC,22,2.0
2020-05-21 14:07:55,buy,DNP,+AROON+CCI+RSI,8,0
2020-05-21 14:07:55,buy,DNP,+AROON+CCI,14,1.0
2020-05-21 14:07:55,buy,GO,+AROON+CCI,4,1.0
2020-05-21 14:07:55,buy,GO,+AROON+BOP+CCI,4,2.0
2020-05-21 14:07:55,buy,LOCO,+AROON+CCI,1,1.0
2020-05-21 14:07:55,buy,TPIC,+AROON+CCI,1,1.0
2020-05-21 14:07:55,buy,FIXX,+AROON+CCI+ADOSC,6,1.0
2020-05-21 14:07:55,buy,FIXX,+AROON+ADOSC,4,2.0
2020-05-21 14:07:55,buy,FIXX,+AROON+BOP+CCI+ADOSC,5,1.0
2020-05-21 14:07:55,buy,ESGE,+CCI+ADOSC,3,2.0
2020-05-21 14:07:55,buy,ESGE,+MACD+ADOSC,1,8.0
2020-05-21 14:07:55,buy,FTSL,+CCI+ADOSC,6,2.0
2020-05-21 14:07:55,buy,FTSL,+AROON+CCI+ADOSC,7,1.0
2020-05-21 14:07:55,buy,CUTR,+AROON+CCI,12,1.0
2020-05-21 14:07:55,buy,CUTR,+AROON,10,2.0
2020-05-21 14:07:55,buy,NAD,+AROON+CCI,8,1.0
2020-05-21 14:07:55,buy,TLSA,+AROON,22,2.0
2020-05-21 14:07:55,buy,WTRE,+AROON+CCI+RSI,22,0
2020-05-21 14:07:55,buy,MTH,+BOP+CCI+ADOSC,1,21.0
2020-05-21 14:07:55,buy,CDNA,+AROON,1,2.0
2020-05-21 14:07:55,buy,CDNA,+AROON+BOP+CCI,1,2.0
2020-05-21 14:07:55,buy,COLM,+AROON+BOP+CCI+RSI,6,0
2020-05-21 14:07:55,buy,COLM,+AROON+CCI+RSI,8,0
2020-05-21 14:07:55,buy,AIR,+AROON+CCI+ADOSC,4,1.0
2020-05-21 14:07:55,buy,ATNX,+AROON+CCI+ADOSC,2,1.0
2020-05-21 14:07:55,buy,ATNX,+AROON+ADOSC,5,2.0
2020-05-21 14:07:55,buy,SCPL,+AROON+BOP+CCI+ADOSC,3,1.0
2020-05-21 14:07:55,buy,JOE,+AROON+CCI+ADOSC,22,1.0
2020-05-21 14:07:55,buy,BLKB,+CCI,1,1.0
2020-05-21 14:07:55,buy,BSDE,+AROON+CCI+ADOSC,22,1.0
2020-05-21 14:07:55,buy,HYXE,+AROON+CCI+ADOSC,22,1.0
2020-05-21 14:07:55,buy,BSCQ,+AROON+CCI+RSI+ADOSC,22,0
